{
    "x": 0.680375,
    "y": 0.596880,
    "z": -0.329554,
    "vx": 0.000011,
    "vy": -0.000027,
    "vz": 0.000083,
    "mass": 3424.807617
}
